name,username,password,reservation
Shalna Plumer,splumer0,el0BwQe,R-1
Bethina Farrington,bfarrington1,Nqdn9h9,R-2
Deborah Dearlove,ddearlove2,JquCKDGn,R-3
Joelly Waliszek,jwaliszek3,DMVsqSAC,R-4
Dorisa Gall,dgall4,Tuw6G4KX2R8,R-5
Kalil Gromley,kgromley5,VtjO1GUg,R-6
Cobb Willett,cwillett6,raLeMOkg1aNk,R-7
Georg Felstead,gfelstead7,xZHyyf9Rby,R-8
Cate Bibby,cbibby8,KrMRBWIQSXud,R-9
Zahara Girodier,zgirodier9,pNgM9fbGUCd,R-10
Even Outhwaite,eouthwaitea,Gouv2C1k4,R-11
Livia Kilmister,lkilmisterb,YXOnmYRU84,R-12
Phaidra Swetmore,pswetmorec,6epTVesxIfz,R-13
Dorisa Klaassens,dklaassensd,DvqOqBdQ,R-14
Diarmid Manby,dmanbye,4NZywzQ,R-15
Benoit Oppery,bopperyf,3Cfnay7x4,R-16
Ransell Tyrwhitt,rtyrwhittg,98tVnr7JR,R-17
Sissy Bleeze,sbleezeh,naGJ6li,R-18
Towny Shackell,tshackelli,Ky7XqTlulHN,R-19
Jobie Danielsky,jdanielskyj,kzR5B1cy,R-20
Edgar Knatt,eknattk,GJektCoNR,R-21
Lonee Tizzard,ltizzardl,AOTkpxKFuWe,R-22
Herschel Boggon,hboggonm,q1Yosd,R-23
Phillip Ryman,prymann,e7LtMZRYQKH,R-24
Claybourne Matovic,cmatovico,ullPkLZDSy,R-25
Marty Ghiraldi,mghiraldip,OuuWLkaR3o5,R-26
Latrina Echlin,lechlinq,ZwIKtQv4yQ,R-27
Alfy Beeho,abeehor,fwmIHeO1I6W,R-28
Booth Castagne,bcastagnes,9DlZY36OvDNJ,R-29
Sloane Norley,snorleyt,OqEwQMma,R-30
Donall Guichard,dguichardu,aqoFvhlSR,R-31
Bethena Gilli,bgilliv,WjWiaRiWIyam,R-32
Dottie Reekie,dreekiew,TzZ0Z9Pem8wV,R-33
Rosette Clemence,rclemencex,62JzqWRTy,R-34
Obadias Bowskill,obowskilly,2sFAHCB,R-35
Alena Anthona,aanthonaz,GK4CB9WFA,R-36
Frasier Lemasney,flemasney10,FisIvNBe,R-37
Kristina Roantree,kroantree11,o1dSl72u,R-38
Ransom Basden,rbasden12,DieCBNw62dK,R-39
Jedediah Teresse,jteresse13,btpGVGErQA,R-40
Kata Wye,kwye14,F3IIGj,R-41
Shayne Fleay,sfleay15,LlJbgHyJJ,R-42
Norby Skpsey,nskpsey16,J8Kevted,R-43
Jillane Maltman,jmaltman17,HX6J4NLbO,R-44
Dwain Risebrow,drisebrow18,McsjNbtj,R-45
Herbert Van Hove,hvan19,ebev2kiI1fD,R-46
Caryl Tyrrell,ctyrrell1a,jFA8WlXPKD,R-47
Suzette Caso,scaso1b,cdCfNQulxS1X,R-48
Ahmad Steffan,asteffan1c,RNpfsEhebR3t,R-49
Elmore Creigan,ecreigan1d,DixH77qV0M,R-50
Ab Siddall,asiddall1e,KEAjUdJ44SQy,R-51
Base Le Hucquet,ble1f,1cSI6of1,R-52
Pren Dottrell,pdottrell1g,tX1MUshlF,R-53
Burt Bindin,bbindin1h,usCX3e,R-54
Brennan Normandale,bnormandale1i,bTPsGfKpN,R-55
Sarette Cornbell,scornbell1j,JWbq0N,R-56
Fitzgerald Ivantyev,fivantyev1k,Qm4tDxyT,R-57
Inger Castiello,icastiello1l,Ez8l2FCu,R-58
Gaelan Kuhl,gkuhl1m,oHWsbRLST,R-59
Rossy Dagg,rdagg1n,6ckExk,R-60
Nadya Strettell,nstrettell1o,tfv9Y6yXL,R-61
Heinrik Kitchiner,hkitchiner1p,Xbgo2GelOG,R-62
Brett Treves,btreves1q,3BlGz0VCvC,R-63
Mignonne Joyner,mjoyner1r,8cGOJjpds,R-64
Rasia Ajean,rajean1s,pyNGRw,R-65
Paula McClurg,pmcclurg1t,7O8NdxEM,R-66
Salvador Sparrow,ssparrow1u,6VgDYH,R-67
Johnnie Elvey,jelvey1v,GIxs9Ip7oSM,R-68
Woodman Figgen,wfiggen1w,x1E3e46,R-69
Jacquetta Fiddeman,jfiddeman1x,ggL1DtV,R-70
Skipton Sime,ssime1y,3C1kLD,R-71
Petunia Warder,pwarder1z,YwcLtiC0a,R-72
Claudian Byatt,cbyatt20,xSnA83n,R-73
Jessica Sackey,jsackey21,JYhHNQqAOlcM,R-74
Bennie Hamblin,bhamblin22,odW1i5IGD,R-75
Michaela O' Molan,mo23,zNcQpfC,R-76
Hilton Jenson,hjenson24,iQiHili,R-77
Packston Lappine,plappine25,QHhAkZ,R-78
Dalt Botwood,dbotwood26,Dq7x76,R-79
Sapphire Pee,spee27,iyFTPQz,R-80
Baron Flement,bflement28,L6Z2hYATjv,R-81
Richardo Crowcum,rcrowcum29,TD0ShdiApIlF,R-82
Rollie Gopsill,rgopsill2a,ENbi9X,R-83
Merridie Buterton,mbuterton2b,8oEXG3sy1Sv,R-84
Frederique Strowger,fstrowger2c,33cwxVgSY,R-85
Si McDermott-Row,smcdermottrow2d,mHw1LqoHw4nq,R-86
Inez Ricciardiello,iricciardiello2e,TpxmqrO9,R-87
Josepha Paniman,jpaniman2f,kki3VQIt,R-88
Rutherford Cajkler,rcajkler2g,MwZLDs0E5,R-89
Byran Hugnet,bhugnet2h,vN3AYXmoS6n,R-90
Priscilla Casswell,pcasswell2i,qWdHxJsp,R-91
Devora Brasted,dbrasted2j,Opv10ffKk,R-92
Nessie Jellyman,njellyman2k,Jo7yHAnbB,R-93
Edeline Kanwell,ekanwell2l,th9SI0JT,R-94
Drake Woollam,dwoollam2m,FQmyDnheoJZ,R-95
Say Eingerfield,seingerfield2n,m2x7RixUCUp,R-96
Fawne Leak,fleak2o,XhfsC5x,R-97
Vaclav Aldiss,valdiss2p,z03EVIsNo,R-98
Tami Doubrava,tdoubrava2q,WBWkvp6wtfaE,R-99
Daphne Blunkett,dblunkett2r,8xoTsL,R-100
Sheela Adiscot,sadiscot2s,EoGH81kgm,R-101
Letisha Merchant,lmerchant2t,iGEI3po,R-102
Goober McCumesky,gmccumesky2u,B3XEbWf,R-103
Rachel Attree,rattree2v,Yr7nxXd9FEN,R-104
Gunter Geri,ggeri2w,yit1p7W,R-105
Ilise Starie,istarie2x,0Obz4pv,R-106
Jeniffer Prando,jprando2y,8yjlKQE,R-107
Rowney Ensten,rensten2z,lxfeLjwKN7Gl,R-108
Claudine Von Der Empten,cvon30,xyLVDuJMrt,R-109
Suzann Batcheldor,sbatcheldor31,S1fthuM3xjT,R-110
Netty Boater,nboater32,OdfoHY,R-111
Lurline Melbourn,lmelbourn33,Ja9t5emS5,R-112
Benedict Minette,bminette34,pko9HiUoveGO,R-113
Myrna Ferraron,mferraron35,LzY4Fs,R-114
Lotti Peakman,lpeakman36,dBmXXhW,R-115
Kirstin Verden,kverden37,RA7ku2,R-116
Stanton Beardow,sbeardow38,wm0nJG,R-117
Debora Kondrat,dkondrat39,QIx3DZ,R-118
Dode Brammer,dbrammer3a,h7gXia,R-119
Hedwig Presman,hpresman3b,plfBknO0,R-120
Eada Pringour,epringour3c,4j9SZ8OM,R-121
Yettie Clemas,yclemas3d,jTkJIzs,R-122
Maybelle Cargon,mcargon3e,RkKQfUNZIpTt,R-123
Olympe Flores,oflores3f,Whbpi1,R-124
Marilin Feathers,mfeathers3g,cWaqN6h0bwX,R-125
Aveline Seebert,aseebert3h,qWVM6Aqqm0,R-126
Burt Trowsdale,btrowsdale3i,0brxcf,R-127
Josee Madre,jmadre3j,kyxuDpfqDxr,R-128
Abbot Romagnosi,aromagnosi3k,4Cl1MVttX,R-129
Quent Juster,qjuster3l,qfWPRNYUhD1,R-130
Jarid Cobley,jcobley3m,MfcBAXmX2uJ,R-131
Regan Warrilow,rwarrilow3n,gP6hGj1,R-132
Nevins Choake,nchoake3o,PdEA9DtlpG,R-133
Karolina Ortell,kortell3p,eEeyNkx,R-134
Consolata Mashro,cmashro3q,jFPXrsQX,R-135
Barde Altamirano,baltamirano3r,yAH7lJjNr,R-136
Abie Haffner,ahaffner3s,H2Mx24,R-137
Packston Bendelow,pbendelow3t,thBr4vOs,R-138
Care Ludye,cludye3u,n6qz7R9FaDKg,R-139
Giralda Grinter,ggrinter3v,dOSF5be,R-140
Stillman Quittonden,squittonden3w,DbBDRf,R-141
Sadye Shardlow,sshardlow3x,KszgolLS,R-142
Lev Assinder,lassinder3y,hmObY1rLnB,R-143
Maggi Kulvear,mkulvear3z,uLChMJ48i,R-144
Phyllys Yeude,pyeude40,faTG3ZR4fP,R-145
Cy Ecclestone,cecclestone41,lG0He4,R-146
Ruthi Meryett,rmeryett42,3ZgrISVVs,R-147
Natalina Tante,ntante43,Do4Tvox,R-148
Kendell Norkutt,knorkutt44,QOrVMCdhPIE,R-149
Derek Hellyer,dhellyer45,E5OxWaRjVg,R-150
Alexia Legh,alegh46,o5UpzRf7,R-151
Lindie Nairne,lnairne47,31qYzY,R-152
Marc Anneslie,manneslie48,v90z5TsPup,R-153
Gene Simonich,gsimonich49,Cm8tAu9C68q,R-154
Shawna Antognozzii,santognozzii4a,YZccaYgvmjVp,R-155
Egor Lewins,elewins4b,QoWLJQ,R-156
Red Bow,rbow4c,sBy4DuMQWw,R-157
Irita Hamel,ihamel4d,aDSmkNC,R-158
Hermann Sindell,hsindell4e,TNibyn,R-159
Nikolos Drinnan,ndrinnan4f,4jz316tlRq4,R-160
Mitzi Krabbe,mkrabbe4g,unQalHOB,R-161
Marla Elecum,melecum4h,A81zWDspOa,R-162
Stevy French,sfrench4i,OCWVsGA,R-163
Paquito Castagna,pcastagna4j,5QRLMOnh6F0X,R-164
Baxter Jamieson,bjamieson4k,3Z429CYKz,R-165
Dorian Hynde,dhynde4l,3oeTyE,R-166
Celeste Schwartz,cschwartz4m,XhjlqXp3S,R-167
Ruthe Gianolini,rgianolini4n,y0zEsKi6LJr,R-168
Kynthia Jardein,kjardein4o,z3ZaGzaN,R-169
Winifield Robel,wrobel4p,SUcMGrpkv7GQ,R-170
Jereme Abrehart,jabrehart4q,8lfjOUp47W,R-171
Daven Knifton,dknifton4r,rAzoqQoGICzM,R-172
Barbi Carmo,bcarmo4s,w6XgCzc,R-173
Xylia Palfreyman,xpalfreyman4t,uh6clQ0x,R-174
Raimondo Pervoe,rpervoe4u,sA5WnN3pgsU,R-175
Tiebold Lyon,tlyon4v,tPQDXZJt,R-176
Jennee Oolahan,joolahan4w,aS2zsV0juP,R-177
Carson Govenlock,cgovenlock4x,jiNa3CAeZLVt,R-178
Wainwright Tattersdill,wtattersdill4y,KlXsO3zJ,R-179
Nealy Volet,nvolet4z,ejxdaQ,R-180
Rriocard MacCague,rmaccague50,nv5hrPoa,R-181
Siouxie Inold,sinold51,VeaF52dwT,R-182
Brigida Blodgetts,bblodgetts52,1ayd1TmkGq,R-183
Konstanze Dyde,kdyde53,dLOOF1jW,R-184
Goraud Brownsea,gbrownsea54,EdOvlP,R-185
Gwyn Readshall,greadshall55,8IleIq,R-186
Kevan Ivanyutin,kivanyutin56,MpYYuqJzDd,R-187
Mirabelle Bliss,mbliss57,5NOav98SPA,R-188
Frederica Loins,floins58,avsUn3tdJ9,R-189
Corrie Looks,clooks59,BfPDeXer51eo,R-190
Ofella Duxfield,oduxfield5a,Lfkr7L52,R-191
Leigh Steers,lsteers5b,F0Nce4URiEB,R-192
Maitilde Cowl,mcowl5c,lOOLoXBtwkS,R-193
Sharyl Strickler,sstrickler5d,Y93Oub,R-194
Bentley Marieton,bmarieton5e,Z08zmQ9Bvq7,R-195
Hayley Braniff,hbraniff5f,10arsoHPfgD,R-196
Justinn Trengrove,jtrengrove5g,NuNQ07RShu3H,R-197
Kathye Schwaiger,kschwaiger5h,E1vokDUJclaw,R-198
Kerry Kopp,kkopp5i,P2HbJYJ,R-199
Franciska Armfield,farmfield5j,L8hJTZxfFe8B,R-200
Tabby Hyett,thyett5k,1uAAVYvUQZm,R-201
Clemente Cornell,ccornell5l,iG4KhttpuAp,R-202
Gerty Hedon,ghedon5m,vf9JQLW,R-203
Rad Steely,rsteely5n,MZSO6Bn,R-204
Pammi Zuanelli,pzuanelli5o,3tniygp,R-205
Brittan Rawstron,brawstron5p,KNUNYVQ,R-206
Maurita Dyhouse,mdyhouse5q,7avlt3z4v,R-207
Jeanne Cogger,jcogger5r,juOKiNK5IecP,R-208
Reinald Rubinsaft,rrubinsaft5s,Ga4TpVEi,R-209
Almeta Eck,aeck5t,Pv7ANVL,R-210
Edy Cahen,ecahen5u,AVs3FK5IjHKw,R-211
Xenia Garie,xgarie5v,gYSMDnloqeS,R-212
Rachael Coulbeck,rcoulbeck5w,vfittB,R-213
Devi Manolov,dmanolov5x,TK3OgDFpsbG,R-214
Cara Snar,csnar5y,a065PFHES,R-215
Cyndi Fauguel,cfauguel5z,6cwfrZrjFijq,R-216
Pete Sugarman,psugarman60,yh858zI,R-217
Tony Siward,tsiward61,c0CAfbI5B,R-218
Brod Pilkington,bpilkington62,d4UUM5eHqSH6,R-219
Brande Clowton,bclowton63,B3teAx8,R-220
Anetta Detoile,adetoile64,kin20PhFL,R-221
Evelyn Pirkis,epirkis65,SLaXqzR2gx,R-222
Trueman Eddleston,teddleston66,9H4HH90ay5nV,R-223
Caprice Peche,cpeche67,CPhC8i,R-224
Chrissie McGebenay,cmcgebenay68,Yus2iZX,R-225
Kary Breckin,kbreckin69,I2Q5SR9d,R-226
Kilian Crummey,kcrummey6a,bHWJXQnLkmp,R-227
Tobiah Morpeth,tmorpeth6b,YI8LzzuakX4,R-228
Edgardo Marchelli,emarchelli6c,xm92FEHzTl7E,R-229
Kit Lemoir,klemoir6d,GaaaY2,R-230
Dun Pecha,dpecha6e,jwDABpSIHJ7,R-231
Wildon Markus,wmarkus6f,ylDd98VvhV0N,R-232
Catlee Tomsen,ctomsen6g,xuNqk3P,R-233
Stace Knibb,sknibb6h,fGQsZ9CLQpUi,R-234
Aylmer Meininking,ameininking6i,3wWI2u,R-235
Ira Santello,isantello6j,A1CAqt1T7aF,R-236
Shell Quinnelly,squinnelly6k,7MwbEd1jhBTG,R-237
Merna Audus,maudus6l,ysJgbB,R-238
Skylar Van Dijk,svan6m,67uEwgQz0,R-239
Etheline Lillistone,elillistone6n,dGqzUrlD,R-240
Wilona Marfield,wmarfield6o,iD072pUW9,R-241
Cindee Egdal,cegdal6p,ijcgjly4,R-242
Garreth Towersey,gtowersey6q,6jcEkqDX,R-243
Trumann Challener,tchallener6r,zOkQ9Be3GD,R-244
Morten Ivanshintsev,mivanshintsev6s,8Hz62GV,R-245
Farrand Nestor,fnestor6t,bnoVtA2e1u,R-246
Antone Tander,atander6u,IXLSI2bhB,R-247
Pren Richie,prichie6v,zzzvtil,R-248
Helga Philcox,hphilcox6w,xcSfjU,R-249
Rosanna McGourty,rmcgourty6x,h7uZhLN,R-250
Alejoa Bunhill,abunhill6y,zlASYNvhiBl7,R-251
Susann Tigner,stigner6z,8ItX1e4d,R-252
Rutledge Gynn,rgynn70,LAmz2xbXWgyw,R-253
Cherilynn Bisseker,cbisseker71,pgbo3fgi,R-254
Binky Caunce,bcaunce72,A5Vjo8,R-255
Cherida Ortells,cortells73,wbq0lF,R-256
Daveta Dubock,ddubock74,p5QbwZkhsi,R-257
Tabitha Rentz,trentz75,80Tyqi,R-258
Mylo Leopold,mleopold76,Xp8PlaP56dPH,R-259
Ezechiel Kliner,ekliner77,MRQZj79xu,R-260
Keir Lilian,klilian78,wxO9P3UM,R-261
Mirelle Acom,macom79,riK2InoZ6AN7,R-262
Pandora Robinette,probinette7a,2H8PaJL5ZZ7,R-263
Henrie Tudgay,htudgay7b,0DI351,R-264
Gilles Cordeau],gcordeau7c,R0ccb7N,R-265
Arnie Pinniger,apinniger7d,G5ivzaMVyxQq,R-266
Sky Timperley,stimperley7e,MuY2Zbm9jI,R-267
Milicent Mitton,mmitton7f,ElqNkn5MRx,R-268
Georgette Rea,grea7g,R9L5vKqNs1,R-269
Garwood Mawditt,gmawditt7h,LfUiMg,R-270
Alika Filov,afilov7i,9H14XzuT,R-271
Bryant Hannigan,bhannigan7j,yso8BCqA57Gx,R-272
Nial Larmet,nlarmet7k,h4tZB1V,R-273
Pren McShee,pmcshee7l,s5OQu6M5DVxZ,R-274
Livvyy Caslake,lcaslake7m,TZprMOenj,R-275
Janna Cammis,jcammis7n,emHSSD,R-276
Seamus O'Clery,soclery7o,glUfQARWwn,R-277
Gaylene Andrey,gandrey7p,dXdI3v,R-278
Dominique Stevens,dstevens7q,ne5COOV,R-279
Kristoforo Jeannequin,kjeannequin7r,ZtbmDEcKsyXK,R-280
Cairistiona Strute,cstrute7s,YcVBkuSIOTYD,R-281
Charlena Baumford,cbaumford7t,7StmZZ,R-282
Gussy Shalloe,gshalloe7u,qY10dbc6Fw,R-283
Bent Ordish,bordish7v,U6EouzaI,R-284
Tamarra Alvar,talvar7w,J4UBLUJti,R-285
Wolfgang Tallach,wtallach7x,XiueYJ5QYz,R-286
Valeda Cawthra,vcawthra7y,T2gnfORaR,R-287
Sibbie Westby,swestby7z,pRSZo73fyV,R-288
Adolf Cowling,acowling80,FMU1stZ4,R-289
Sharline Jamieson,sjamieson81,ZMrehA8C,R-290
Astrix Copson,acopson82,Aca2CAlk,R-291
Chane Abdon,cabdon83,LjgGyi4xMgiz,R-292
Normy Corkitt,ncorkitt84,aNEuNQhdW,R-293
Ingrid Dobbison,idobbison85,rfVkhGZ5Db,R-294
Maurise Eborn,meborn86,6T9hJFwUW,R-295
Emera Ferraron,eferraron87,u0JCaMj4umd,R-296
Giovanni Whittle,gwhittle88,211MQ35,R-297
Harland Bleiman,hbleiman89,SVzSTNrQtCR,R-298
Nessie Brannon,nbrannon8a,f2Ax63IWx8,R-299
Carla Dickie,cdickie8b,a1MeYwMzA,R-300
Freeman Lattin,flattin8c,nDlxR7u,R-301
Carly Hasard,chasard8d,YjzouylHTJqw,R-302
Alasteir Caustic,acaustic8e,1K1VvYqbG,R-303
Ivan Noakes,inoakes8f,caeCyW5y14m,R-304
Fitzgerald Renwick,frenwick8g,TsoF7wzT6WFr,R-305
Halley Steinham,hsteinham8h,GBryyFrRIN,R-306
Ileana Goodbur,igoodbur8i,8PbNxVH8q4,R-307
Ernest Sandry,esandry8j,HwMn4EySoY,R-308
Joaquin Megarrell,jmegarrell8k,AAY1kU0zvS,R-309
Boonie Wintersgill,bwintersgill8l,uYI71jekO23,R-310
Lorinda Goodbar,lgoodbar8m,WW3ogDHw,R-311
Reuven Kondratovich,rkondratovich8n,h3NJ0jdcOX,R-312
Berrie Wrotham,bwrotham8o,tjwNA9XZXmLN,R-313
Rey Tregidgo,rtregidgo8p,ruUzig1vfS,R-314
Henrie Mantripp,hmantripp8q,AfFwTUC2gE,R-315
Josepha Treadaway,jtreadaway8r,D1piju1PQYp,R-316
Yulma Ousbie,yousbie8s,vXY80RnSF3,R-317
Brande O'Dougherty,bodougherty8t,tfOoSMJoNg,R-318
Carling Dixon,cdixon8u,wczN3ruxN,R-319
Bord Matitiaho,bmatitiaho8v,GKoGi2t,R-320
Gabrila Burgott,gburgott8w,vjOqc4eAQ,R-321
Tomi Straneo,tstraneo8x,toTXfCFj,R-322
Homer Hindhaugh,hhindhaugh8y,goejnvxLt,R-323
Mickie Sharville,msharville8z,9nrW48L,R-324
Aristotle Filshin,afilshin90,Wg5eTsHx7N6,R-325
Hilly Goad,hgoad91,UGZfxG,R-326
Kriste Gronav,kgronav92,RVufS2EEH,R-327
Ruthann Dearle,rdearle93,StMcgBOICF2,R-328
Neill Pavis,npavis94,x8Gv5oF,R-329
Lawry Allabarton,lallabarton95,Xc8ARq,R-330
Kessia O'Scandall,koscandall96,NBrmUOCS8df,R-331
Mamie Cardus,mcardus97,WFhsKVibXfI7,R-332
Vassili Hulls,vhulls98,JgKB2v,R-333
Prudy Billingham,pbillingham99,42k1JoH,R-334
Brew Hallex,bhallex9a,dJqC0qlSBD6,R-335
Corny Doe,cdoe9b,nHCC0YudtV7u,R-336
Lynea Sigars,lsigars9c,p2spzD9sYMH,R-337
Waly O' Timony,wo9d,0pwBLLeK,R-338
Madelina Manueli,mmanueli9e,LCYS7CnHo,R-339
Teodora Pattrick,tpattrick9f,hCzHa7u,R-340
Westbrook Halwood,whalwood9g,YQvCDTBRf1z,R-341
Dasie Golden,dgolden9h,ASLItnTpW,R-342
Dorelia Birkwood,dbirkwood9i,7aI4prt28j,R-343
Erich Bennell,ebennell9j,8xCzrvG19j,R-344
Kit Bankhurst,kbankhurst9k,zkqT5TrRk,R-345
Cyb Ivy,civy9l,XBTxQzgL,R-346
Enrika Smeuin,esmeuin9m,s43e7hvWS,R-347
Jemie Yoxall,jyoxall9n,gKzRCq,R-348
Luke Mcasparan,lmcasparan9o,3r9BEvImea5,R-349
Adeline Catherick,acatherick9p,kIJTKNLXS,R-350
Raffaello FitzGilbert,rfitzgilbert9q,mdRUCpdf,R-351
Lorne Bereford,lbereford9r,iXYggj,R-352
Ceciley Clyant,cclyant9s,7N3QuWh0FL,R-353
Wallie Gorvette,wgorvette9t,eZWLMFeTqppj,R-354
Rebeca Lahive,rlahive9u,EPc1uahwQyu,R-355
Sly Boundy,sboundy9v,98egjWLjOHt,R-356
August Frenzel;,afrenzel9w,7xwAmY4JH,R-357
Rosalinda Jimson,rjimson9x,HvAe4OO7i,R-358
Marshall Maslin,mmaslin9y,Nwec7HyFsM,R-359
Demetra Jencken,djencken9z,bUdYe9brVPR,R-360
Rich Larking,rlarkinga0,DOo2l57cxE0s,R-361
Sydney Awin,sawina1,uvVCoJMg3J,R-362
Rosemarie Winspeare,rwinspearea2,wLegHS0uE,R-363
Brannon Mandrake,bmandrakea3,inwdYCX616,R-364
Giralda Varsey,gvarseya4,shJl2ybC,R-365
Jerry Earl,jearla5,fuGycY,R-366
Lezlie Jacquemy,ljacquemya6,iLwS6lIgCXHl,R-367
Daria Turone,dturonea7,pOjQ1x6Uw,R-368
Shirline McBryde,smcbrydea8,kFaIK7aZ0,R-369
Gilberte O'Kieran,gokierana9,hGL5Tgw,R-370
Cosette Maven,cmavenaa,U7pvNJ,R-371
Jean Berresford,jberresfordab,NyqZrwvI,R-372
Bunny Glazer,bglazerac,6FlosyyL9gp,R-373
Avram Bundy,abundyad,BehkH2,R-374
Deanna Veivers,dveiversae,WCrvuwGAFYa,R-375
Timmie Brandt,tbrandtaf,gLjQoXhe2V,R-376
Dina Heinemann,dheinemannag,5yQsnF,R-377
Ambrosi Robertet,arobertetah,Tb8VAI,R-378
Toby Bowle,tbowleai,acVMJ3XCQ,R-379
Nike Malden,nmaldenaj,8hTKKFK7c,R-380
Katee Vlies,kvliesak,asSQSNOf,R-381
Tamarra Vasilov,tvasiloval,WPeRl0vId,R-382
Phil Mertin,pmertinam,Bi7W0c96XxU,R-383
Barret Overland,boverlandan,sICPIYLUT,R-384
Pooh Brocklehurst,pbrocklehurstao,vcExx1o,R-385
Karisa Joy,kjoyap,Ldl956q,R-386
Julius Bampforth,jbampforthaq,fGMc66Lr3,R-387
Millard Crowley,mcrowleyar,1kpAQAb0RGL3,R-388
Mead Wynett,mwynettas,4Nm1RrMo8JsA,R-389
Dulcinea Donegan,ddoneganat,lgZvEdlhu,R-390
Robers Eccleston,recclestonau,RopF14TY9n,R-391
Massimiliano Squier,msquierav,iYuJFc8D,R-392
Adrian Heindl,aheindlaw,JHd6SCH1nR,R-393
Georg Whordley,gwhordleyax,DPuaT4x06xum,R-394
Irwinn Wanek,iwanekay,Op2Cu5xiv,R-395
Claudelle Faireclough,cfairecloughaz,UDt3so,R-396
Gilbertine De Coursey,gdeb0,MyeKLe0QIc1,R-397
Auria Giannasi,agiannasib1,u8dpfD,R-398
Gwenette Togwell,gtogwellb2,RelBPj6,R-399
Dixie McMurthy,dmcmurthyb3,Kf3AYg,R-400
Adriane Sandwich,asandwichb4,czFmbr7EnAeW,R-401
Diahann Dutchburn,ddutchburnb5,DmI1k0xozLh,R-402
Alphonse Coetzee,acoetzeeb6,5k3GUk,R-403
Rosemonde Birkenhead,rbirkenheadb7,9pKakhAPQFxl,R-404
Micky Danbye,mdanbyeb8,kXlFrcFwB,R-405
Nicoli Tighe,ntigheb9,5vrixqfPhJW,R-406
Wolf Chene,wcheneba,v9pIEZmk,R-407
Bathsheba Battrick,bbattrickbb,NKpDGruuFBu3,R-408
Terry Brunsdon,tbrunsdonbc,ZaoF7mIAP,R-409
Justin Kenninghan,jkenninghanbd,XBdJoxqNQsg,R-410
Sheridan Treby,strebybe,Qt8EWlgBdez,R-411
Bartholemy Drakes,bdrakesbf,hJCbecN86,R-412
Kati Varns,kvarnsbg,r1fOTi6OW1,R-413
Rozalie Farlam,rfarlambh,h1u07qajYzYD,R-414
Reg Flew,rflewbi,AtJgY5dE2hUK,R-415
Chad Fleetwood,cfleetwoodbj,B5zqMfNHv,R-416
Chiquita Newlin,cnewlinbk,QHtySD6v,R-417
Sol Swanne,sswannebl,qLLQfYMRBHW,R-418
Appolonia Bumby,abumbybm,2OzziqL,R-419
Rock Pawlett,rpawlettbn,jcdqWpdq,R-420
See Waszkiewicz,swaszkiewiczbo,Cr5fMHuh,R-421
Abigale Hawkings,ahawkingsbp,0nIJNMwUhxO,R-422
Carree Smallbone,csmallbonebq,39CySYa7EG,R-423
Ailyn Baily,abailybr,xuAISFWJ7Ri,R-424
Frederick Iacobo,fiacobobs,Opm2iMJlso,R-425
Stinky Swatland,sswatlandbt,w40uYuid0,R-426
Earlie Featherston,efeatherstonbu,P4mpPGC1eA,R-427
Benyamin Barrott,bbarrottbv,BUSCWDx,R-428
Sergeant Forsdyke,sforsdykebw,iVSgeUzDfo,R-429
Yettie Hablet,yhabletbx,kxjlL6j8jTDW,R-430
Meridel Lawty,mlawtyby,BJOYWRH,R-431
Rodolphe Tyreman,rtyremanbz,6OtqH3KnZY7I,R-432
Justina Wadley,jwadleyc0,OXgoGgx,R-433
Courtney Whiten,cwhitenc1,8EkNooBI,R-434
Hilda Billingsley,hbillingsleyc2,dUTziaKS,R-435
Ogdon Newman,onewmanc3,IOgcuGaO,R-436
Val Ivashkin,vivashkinc4,iUjN8ceqNv,R-437
Roma Cherry Holme,rcherryc5,NHXV55KO98p,R-438
Walliw Landrean,wlandreanc6,jCxpkiawR,R-439
Teresita Milesap,tmilesapc7,kEGCaCmAj,R-440
Lula Upton,luptonc8,DHwUMUXVDmnW,R-441
Andie Robottom,arobottomc9,MaNSv5laNa,R-442
Alane Ruspine,aruspineca,7RgKFNTRv3d3,R-443
Noll Habble,nhabblecb,u8qNInod7,R-444
Kevin Heeps,kheepscc,FYxoQzYo6,R-445
Nicholle Bountiff,nbountiffcd,5yuO8w,R-446
Jennee Jaggar,jjaggarce,QxzcxAzw,R-447
Marlee Staniforth,mstaniforthcf,mJkqOfC9,R-448
Angel Crane,acranecg,2zIdlZx1vp9,R-449
Arvin Cleynaert,acleynaertch,IejPqQJ1H,R-450
Eda Freezor,efreezorci,uzF30LQxd,R-451
Obediah Eddies,oeddiescj,SCx0UdDLLbZw,R-452
Catrina Cobon,ccobonck,kpHgPY,R-453
Reynold Haggerty,rhaggertycl,sp8kthpVzh5Z,R-454
Howie Fadian,hfadiancm,fiTfcXqfwW,R-455
Gerrard Josham,gjoshamcn,hoXl3P,R-456
Weider Ramshaw,wramshawco,IlJFO5NT9Mf,R-457
Xylina Rizzardi,xrizzardicp,reREHh0jO4S,R-458
Evita Penhall,epenhallcq,sSWQWNI,R-459
Witty Blaw,wblawcr,hVLKUX,R-460
Jeri Ellinor,jellinorcs,iky0Bwo,R-461
Trina Wermerling,twermerlingct,lqX3g3E,R-462
Corbet Lagen,clagencu,6hOerPxY7,R-463
Haven Borres,hborrescv,eQDwnIHVeten,R-464
Karna Saffer,ksaffercw,aDfDk4v,R-465
Ezekiel Callam,ecallamcx,ZmHcpKLv,R-466
Charlton Kroon,ckrooncy,jYEHEhq6D,R-467
Junina Moryson,jmorysoncz,S1cgyuTFbj,R-468
Ralph Hele,rheled0,8Ye9nZc2FFY,R-469
Eirena Cottell,ecottelld1,mtEZf5M2Th,R-470
Alphard Sains,asainsd2,6G90atMBHsSW,R-471
Ludvig Westley,lwestleyd3,av2vruT,R-472
Brig Jayne,bjayned4,rT3fd2pE,R-473
Monah Guilliland,mguillilandd5,mtRbCZmGb,R-474
Eal Smeeth,esmeethd6,qq3OJLq5mR,R-475
Cilka Marshal,cmarshald7,YtJg8O8Wv7,R-476
Erny Woolley,ewoolleyd8,XtUTxZHNO,R-477
Chere Sanches,csanchesd9,23cEvU,R-478
Samuele Penwright,spenwrightda,DQerSJvayoFz,R-479
Becka Laver,blaverdb,f1eFitKY,R-480
Hailey O' Meara,hodc,lKruoQwkX,R-481
Salomi Dabney,sdabneydd,Hfae8cjhy,R-482
Roseanna Skeats,rskeatsde,IWBMoHMiY,R-483
Evangelia Mariet,emarietdf,VgpjZXX,R-484
Rorie Lough,rloughdg,6QW44yS3Qx,R-485
Reinhard Skein,rskeindh,g9qaeh,R-486
Desirae Renvoise,drenvoisedi,TgZi2FzvL,R-487
Dianemarie Horder,dhorderdj,Y0bQAawCjK,R-488
Yehudi Benedite,ybeneditedk,d7VYNTen2yC7,R-489
Jillane Bravery,jbraverydl,44aWaMYPSYs,R-490
Ulrick Fone,ufonedm,VsM7h5bPz7,R-491
Desirae Edinburgh,dedinburghdn,xKHaWT,R-492
Fonzie Chittem,fchittemdo,1G25Gwx56yEL,R-493
Delmer Wardlow,dwardlowdp,8vQLrXBs9C2,R-494
Kenon Rickerby,krickerbydq,UIdr2t,R-495
Lemmie Fritchly,lfritchlydr,yAEyNDMnEGU3,R-496
Meagan Rothery,mrotheryds,gHpR6S8,R-497
Dre Lamar,dlamardt,vpfIjClZPhA,R-498
Corene Georger,cgeorgerdu,yAIHTDZBn7,R-499
Bernardo Atwell,batwelldv,I4dZgP,R-500
Verile Clemoes,vclemoesdw,BVeJqG0K,R-501
Borden Lapides,blapidesdx,QKBt2o8InvN,R-502
Ulises Elfes,uelfesdy,VRjL3aJlF,R-503
Amory Ayliffe,aayliffedz,7rNNv9fcKN,R-504
Laurella Sandyford,lsandyforde0,Yn07DL,R-505
Andee Dombrell,adombrelle1,xNhRnZ2,R-506
Hinze Fellnee,hfellneee2,xmxmvD9Zz,R-507
Ed Slane,eslanee3,LRqi9s978LZ,R-508
Alane Cordy,acordye4,fq38kHkXdW6,R-509
Bea De Roberto,bdee5,iwfgjoPNcP5J,R-510
Hilda Vandenhoff,hvandenhoffe6,oclHbfGIvkxi,R-511
Iolanthe Hyne,ihynee7,JQniDew9w7vb,R-512
Jordain Cruz,jcruze8,aQSUhz9vX,R-513
Ashli Orritt,aorritte9,kHlDiaHtL4n3,R-514
Otes Goodall,ogoodallea,WxQNXuLP,R-515
Hillier Ismirnioglou,hismirniogloueb,9FqYyzt,R-516
Carolina Macallam,cmacallamec,RJcU0L7fR,R-517
Worthy Almak,walmaked,BJiqw5,R-518
Waiter Branwhite,wbranwhiteee,lTcmAknjVaf,R-519
Heloise McCowen,hmccowenef,O7wrHQoh1PN,R-520
Aila Sighard,asighardeg,jpBL5qmuB8vf,R-521
Colene Nipper,cnippereh,nSNDxDGbS,R-522
Karee Dubble,kdubbleei,94EdGpxKGr,R-523
Sephira Strank,sstrankej,OxTqKqVsljps,R-524
Amitie Zylbermann,azylbermannek,tgcofJoSm,R-525
Ross Filewood,rfilewoodel,GHoERKn,R-526
Tobiah Calcut,tcalcutem,8UwQPhxnsOs,R-527
Aleta Flament,aflamenten,Qml98YP5D,R-528
Othilie Penvarden,openvardeneo,Dnp683todMrC,R-529
Gloria Beneix,gbeneixep,WrHgQFcUlOdl,R-530
Benjy Gymlett,bgymletteq,6qAzGUAe,R-531
Eula Vearncomb,evearncomber,nl2BbjPVuLc4,R-532
Wes Tennet,wtennetes,gEYr98nnsoI,R-533
Sherry Dungay,sdungayet,Lm6hDZgtHEM,R-534
Renie Huckstepp,rhucksteppeu,IuoGoq,R-535
Nadine Lorincz,nlorinczev,xs4LjizGpWcw,R-536
Kelwin MacMeeking,kmacmeekingew,POZMZW,R-537
Clementia Nancekivell,cnancekivellex,MpOwdJQdf2,R-538
Pacorro Haberjam,phaberjamey,QTbCtbuOvsd,R-539
Elayne Craisford,ecraisfordez,hC5YUZ,R-540
Randall Cocklie,rcocklief0,C1d9yM6rEel,R-541
Wilbur Grassi,wgrassif1,pM8OXv,R-542
Redford Bazelle,rbazellef2,8QagwKY,R-543
Jeromy Joules,jjoulesf3,BTf5OFN,R-544
Torey Simyson,tsimysonf4,oV6UIn5lTxK,R-545
Wendell Plampin,wplampinf5,HMDYTPQ,R-546
Cindelyn Serfati,cserfatif6,EnitXE6c,R-547
Esra Mapston,emapstonf7,hWELueDmSqW,R-548
Erhard Maltster,emaltsterf8,fRe8mRw37,R-549
Barb Bernaert,bbernaertf9,szpNPGf,R-550
Fenelia Sand,fsandfa,5zDgJiRNVsq,R-551
Lind Giannini,lgianninifb,X3qDF1DoUERl,R-552
Rockwell Mitkcov,rmitkcovfc,DaDcG4,R-553
Eleonore Kohneke,ekohnekefd,NUb5xq,R-554
Elias Walkingshaw,ewalkingshawfe,iyAmrd,R-555
Worth McIlvenny,wmcilvennyff,7Rg81Ajot,R-556
Norman Conibeer,nconibeerfg,7oStstc,R-557
Greggory Ewins,gewinsfh,mS1u1gNE1n,R-558
Corbett Kordes,ckordesfi,xrGnCzwdMY,R-559
Stephannie Janeczek,sjaneczekfj,foHSbWJIW,R-560
Selene Lamb-shine,slambshinefk,HaAApIG0,R-561
Amandi Graber,agraberfl,beqhTqAE1Whc,R-562
Dorian Le Port,dlefm,v5fsmTdG,R-563
Hillery Le Grove,hlefn,3vo4mHvTa3o,R-564
Ezekiel Sego,esegofo,F1Jxu7VEISA,R-565
Truman Perfect,tperfectfp,mJcKwXsKs,R-566
Zollie Derle,zderlefq,iZ7KGtM,R-567
Arleta Hullett,ahullettfr,h3uGbJ1xyWL,R-568
Franchot Jenkins,fjenkinsfs,kCndrme,R-569
Gwyn Pettersen,gpettersenft,4hU8CW,R-570
Petronille Gillow,pgillowfu,rrqSrm9arDL,R-571
Judas Oxteby,joxtebyfv,YRkQtlSTYf,R-572
Cecil Gergler,cgerglerfw,8UBetIMXz,R-573
Maggy Clemenceau,mclemenceaufx,TDW72Yf2y,R-574
Olag Enser,oenserfy,M8pbH7,R-575
Ricoriki Swayne,rswaynefz,yCgEfnu5TE,R-576
Ryun Feige,rfeigeg0,kSnOKUZn,R-577
Tricia Urquhart,turquhartg1,34Wp01q,R-578
Erastus Dalmon,edalmong2,RMLCLUcBt1,R-579
Gradey Penman,gpenmang3,jbhC2UTR,R-580
Barnabe Paoli,bpaolig4,8asS6JksI,R-581
Clive Lerigo,clerigog5,WVyaJc,R-582
Tailor Barkus,tbarkusg6,Q9pamF,R-583
Alyosha Tenant,atenantg7,rTLulBOLy,R-584
Billi Vanetti,bvanettig8,2mzJPRkdizvC,R-585
Fletcher Brittle,fbrittleg9,sm68uyvrYEAn,R-586
Maurie McKinnell,mmckinnellga,sforbYZ9M6,R-587
Cyrillus Gierth,cgierthgb,DP7Ocj1,R-588
Fidela Olyonov,folyonovgc,LjPnzo,R-589
Marena Strippling,mstripplinggd,2HdGhK,R-590
Frieda Hembling,fhemblingge,xhC9Ivd,R-591
Milt Meadway,mmeadwaygf,Bw6nNbPU,R-592
Marigold Rigden,mrigdengg,iQJNJxEZHE0,R-593
Tobi Pridding,tpriddinggh,c5DiQ7,R-594
Deb Gilli,dgilligi,j5qvu4J,R-595
Nancey Muldownie,nmuldowniegj,ThdiW1a,R-596
Pietra Ible,piblegk,vIFepiUj5,R-597
Jacquelyn Hurche,jhurchegl,VeWdC6VqT5G,R-598
Colver Kringe,ckringegm,LWkIEVPVcwK,R-599
Christi Witterick,cwitterickgn,NeG5kDU8bIYR,R-600
Lin Duggon,lduggongo,k8XGjJHH,R-601
Devondra Rabidge,drabidgegp,nWPzHly,R-602
Charleen Betjeman,cbetjemangq,eYTvZi9iF0,R-603
Letitia Larwell,llarwellgr,OSG7Xv,R-604
Brockie Lippiett,blippiettgs,M2wMvJ,R-605
Casar Thecham,cthechamgt,hTWJDRdq,R-606
Inness Sandifer,isandifergu,HIlesa,R-607
Coreen O'Sharkey,cosharkeygv,78iYVjcFtP,R-608
Rich Winger,rwingergw,mZxdcVKXkILH,R-609
Sibylla Skirrow,sskirrowgx,upIhfbIAQ,R-610
Tobit Biever,tbievergy,WzmgPgW3tg,R-611
Rose Shipley,rshipleygz,8euvm6X0jo,R-612
Carlin Hempshall,chempshallh0,916g8YsXTZRV,R-613
Jayne Inderwick,jinderwickh1,e2gTgU,R-614
Kira Reyner,kreynerh2,dKrJOS,R-615
Lucita Farlham,lfarlhamh3,K9rUbkdpM,R-616
Allie Pittoli,apittolih4,g0E9NPX1gR2,R-617
Melessa Leschelle,mleschelleh5,twhWEpeY,R-618
Blondell Acton,bactonh6,tZIuhpCjWG,R-619
Orlando Stollhofer,ostollhoferh7,jPNdm7Emtz,R-620
Glen Langstrath,glangstrathh8,EfOoB0,R-621
Marjory April,maprilh9,HEntddDX0pn,R-622
Cly Hattoe,chattoeha,tjusMtv7Y15i,R-623
Aprilette Lung,alunghb,UUEuP77wt69,R-624
Jacinta Davydkov,jdavydkovhc,5eqwPZgzP,R-625
Sargent Riddell,sriddellhd,RLitPMd,R-626
Hannah Beauman,hbeaumanhe,nCrZw87,R-627
Sherri Crathern,scrathernhf,Dr4AqnP,R-628
Maribeth Tofts,mtoftshg,40uT6FMbS,R-629
De witt Corbert,dwitthh,4FsiIu,R-630
Quintina Rimbault,qrimbaulthi,VgQohO6Cw,R-631
Melisa Evensden,mevensdenhj,lvcxZhJ,R-632
Blaine Dumini,bduminihk,XBWs6mKkpqS,R-633
Johny Grieger,jgriegerhl,GWtSHXbID8,R-634
Tally Hardwicke,thardwickehm,0fXWTyTRS0S,R-635
Giacobo Battye,gbattyehn,oNxOgX,R-636
Brett Coneron,bconeronho,AhfFwN1WMv6,R-637
Connor Hothersall,chothersallhp,WUqmen,R-638
Jade Stealey,jstealeyhq,5ZADgJ68eDl8,R-639
Shandra Keyes,skeyeshr,xAa7mn,R-640
Puff Cundy,pcundyhs,ecoKs9XeKhp,R-641
Lowell Hacaud,lhacaudht,CPTpRYl00B,R-642
Pollyanna Garric,pgarrichu,vhRGuQ2yr6qR,R-643
David De Malchar,ddehv,Qj87Ya,R-644
Robinia Whyteman,rwhytemanhw,V2YHTq,R-645
Lezlie MacParland,lmacparlandhx,eT8HqD1BX,R-646
Marjorie Monger,mmongerhy,El7EPJNCFKVo,R-647
Lea Garrand,lgarrandhz,rtrlnQ0bmNd,R-648
Pinchas Waye,pwayei0,xOQWNXN,R-649
Britte Petera,bpeterai1,C5SmXzbAb,R-650
Yoshi Albany,yalbanyi2,DRBKkR,R-651
Benetta Dreinan,bdreinani3,4BZLWl9zwFE,R-652
Sapphire Searles,ssearlesi4,wVSzlzd01wK,R-653
Lorna Surgenor,lsurgenori5,2VbqSziFuJ,R-654
Colline Janczewski,cjanczewskii6,IgMlzD,R-655
Freddy Beceril,fbecerili7,cqgpWgQUG9y,R-656
Brett Moorrud,bmoorrudi8,mHD6NtTPYm,R-657
Marianne holmes,mholmesi9,74aYVb1W,R-658
Alanah Freiberg,afreibergia,SpYigoP0GRyk,R-659
Wilmar Bucksey,wbuckseyib,KWNz5rwa,R-660
Judie Bedborough,jbedboroughic,l6nEIZ,R-661
Damiano Goodered,dgooderedid,GtitNHXvOTD,R-662
Friedrich Erwin,ferwinie,U1lIK3UDHi,R-663
Emeline Lamborne,elamborneif,Kg1amCJG1,R-664
Maudie Redmille,mredmilleig,zokC3S,R-665
Janelle Cockroft,jcockroftih,YkUJsD,R-666
Bonni Walling,bwallingii,Aa2u5f,R-667
Rhea Lambird,rlambirdij,G6GpaD1k9DU,R-668
Kaye Zemler,kzemlerik,SfmeTAXwbH3W,R-669
Alec Belcher,abelcheril,hYGQdi5,R-670
Ulick Dummer,udummerim,cxW8ZmV,R-671
Gonzalo Veazey,gveazeyin,T8KzSObN8,R-672
Juieta Franzolini,jfranzoliniio,IzN3oyL,R-673
Barde Jindra,bjindraip,1wFjAKVfBP,R-674
Eloisa Sweetnam,esweetnamiq,M0SZAikkY,R-675
Calvin Menco,cmencoir,sQqD6hgs,R-676
Waylan Ewestace,wewestaceis,ie1TIympiu,R-677
Koressa Macey,kmaceyit,yjaKi5uU2M0R,R-678
Lorrin Feldklein,lfeldkleiniu,kTxsXEdpFf,R-679
Heloise McKnish,hmcknishiv,rB9t9E,R-680
Jacklyn Dobbing,jdobbingiw,7PoOJAvwN,R-681
Constancia Hardison,chardisonix,mSKiZTwu2OXQ,R-682
Toma Diglin,tdigliniy,LcxETcb01rV,R-683
Marquita Kidds,mkiddsiz,y6adcrTboHDC,R-684
Temp Trahair,ttrahairj0,yQHNKIz,R-685
Juliette Van Halen,jvanj1,u1LyHA8zLeo,R-686
Dacy Warters,dwartersj2,34taZaSEM64,R-687
Kelcy Trobey,ktrobeyj3,yot92N,R-688
Clayton Chiswell,cchiswellj4,boW1U7hoj,R-689
Colman Schubbert,cschubbertj5,dU3FAkW3tth,R-690
Sharleen Ludwig,sludwigj6,HXwtkXObZo1,R-691
Garrick Humerstone,ghumerstonej7,E6VGZy3F1ZP,R-692
Emerson Jaksic,ejaksicj8,9stOlU8e,R-693
Maison Roland,mrolandj9,wRKaO4294M3q,R-694
Kari Brokenshaw,kbrokenshawja,7WfJSPIXMF,R-695
Willard Sanbroke,wsanbrokejb,J3rcX1EG,R-696
Jere Heisman,jheismanjc,DHZbRWGdQbL,R-697
Don Masters,dmastersjd,15q5Am5o4Mc,R-698
Drugi McShea,dmcsheaje,AmYmNCnp,R-699
Nero Spendley,nspendleyjf,f0biUqjXbfQ,R-700
Tiffani Dunn,tdunnjg,JvXPBP0sb,R-701
Charmine Bonnefin,cbonnefinjh,xH0jgeYP1,R-702
Loydie Odde,loddeji,AOLA18N5do,R-703
Elmo Rein,ereinjj,nJoM40AemNzO,R-704
Barby Davisson,bdavissonjk,0IN73RN,R-705
Bendix Cootes,bcootesjl,pncq1ta,R-706
Gram Koeppke,gkoeppkejm,PvqcbrFV,R-707
Suzi Gasparro,sgasparrojn,2zHWrp,R-708
Aleksandr Burge,aburgejo,mqPVZr,R-709
Tessy Retchford,tretchfordjp,6jJIdxiKA,R-710
Allen Murdy,amurdyjq,4VCd4X8l7K4X,R-711
Sharron Diable,sdiablejr,70dGuLMwGMB,R-712
Sybil Adamini,sadaminijs,d8Vg1B3,R-713
Torrey Ashpital,tashpitaljt,GjgjYzqtaGDi,R-714
Darell Limbrick,dlimbrickju,L8BIgw,R-715
Dur Matovic,dmatovicjv,WLBxRZ,R-716
Kellby Girardy,kgirardyjw,IUI3LoOvLW,R-717
Stan Cases,scasesjx,1Jnhtuz,R-718
Bab Perrelli,bperrellijy,fuuHmVnfX,R-719
Kaleena Wooton,kwootonjz,0qJ3Gw9aqsj,R-720
Zsa zsa Geere,zzsak0,EXJTFRzUcR,R-721
Constanta Rudsdell,crudsdellk1,O3vERMyfwph,R-722
Hamel Bentzen,hbentzenk2,GLI7D1Mrp8R9,R-723
Isac Eede,ieedek3,adec4aFB9ilM,R-724
Heidi Adolthine,hadolthinek4,190Yqw22pW,R-725
Lydie Pfiffer,lpfifferk5,4opJJFHD,R-726
Loretta Burleigh,lburleighk6,hnsvaVzQWHzo,R-727
Brent Blais,bblaisk7,t4OhJ8Q6o4X,R-728
Nicola Sherry,nsherryk8,0wZGzcQsB,R-729
Ernaline Leirmonth,eleirmonthk9,jTZafl0uP,R-730
Chelsea Francescuzzi,cfrancescuzzika,MHMo7XU5qIJ,R-731
Annie Leachman,aleachmankb,uYNsgeT8R,R-732
Shaylyn Davydoch,sdavydochkc,5IGnBjOB,R-733
Riannon Hounsom,rhounsomkd,E5v5WxzHnw4,R-734
Robbie Doyley,rdoyleyke,UPBpkbHe,R-735
Reba Guiett,rguiettkf,dFZbUI11Q,R-736
Lorelle Fransman,lfransmankg,4QRcXnWIk,R-737
Teresa Kitchingman,tkitchingmankh,UEA2P2Zfvd,R-738
Bettina Nattrass,bnattrasski,sGI8xUgxE,R-739
Irene Effnert,ieffnertkj,HBvh0T9XbFcJ,R-740
Lory Courtenay,lcourtenaykk,LJ5O0C5j7,R-741
Cookie Rumbellow,crumbellowkl,RoJxa0d5,R-742
Michelina Jaggard,mjaggardkm,brXiQpGv,R-743
Flori Madill,fmadillkn,jrr0SHd,R-744
Rooney Besset,rbessetko,d01VcW,R-745
Rosalyn Verdey,rverdeykp,7vg5PddCoH,R-746
Odele Hatto,ohattokq,7oqmy244Od9,R-747
Valina Luisetti,vluisettikr,7DooElp7,R-748
Demott Roberto,drobertoks,2LuOWkpCPa6Q,R-749
Marnia Gowanlock,mgowanlockkt,VJqQB4,R-750
Keelia Moyle,kmoyleku,gBOGZzhW6G,R-751
Tiff Vahl,tvahlkv,zYjGrvGgyt,R-752
Bo Hayselden,bhayseldenkw,guuatGF,R-753
Buddy Shoebrook,bshoebrookkx,v34PaYbFPd,R-754
Griselda Trafford,gtraffordky,CLwVy8D32,R-755
Willabella Rixon,wrixonkz,61QwPs05AYh,R-756
Reagen Bernardinelli,rbernardinellil0,gE5VY5lIS2C4,R-757
Nathanil Hawksworth,nhawksworthl1,qQhf9m0T,R-758
Brook Moncreiffe,bmoncreiffel2,NrzBIHtGns,R-759
Toby Langthorne,tlangthornel3,VOareWJ,R-760
Elsie Monte,emontel4,steH7TZ,R-761
Wain Rawne,wrawnel5,jd3agpAZ9Ep,R-762
Margalit Novello,mnovellol6,zCtTc4Q7p,R-763
Gertrudis Payfoot,gpayfootl7,jW3meoAE,R-764
Laura Readwood,lreadwoodl8,X2KS9VB98a,R-765
Valli Sharplin,vsharplinl9,haLV4z2y,R-766
Maynord Arnett,marnettla,Ssq3pxg,R-767
Grantley Crownshaw,gcrownshawlb,nabKF2Xn6O,R-768
Carma Boone,cboonelc,I70QzIy,R-769
Shawnee Junkin,sjunkinld,Y9EfIabUU,R-770
Willamina Buxsey,wbuxseyle,mXnXx6A,R-771
Anneliese Croshaw,acroshawlf,xq261KNw,R-772
Merrili Rawsen,mrawsenlg,T5EFJwfue3N,R-773
Gottfried McAloren,gmcalorenlh,KAXEdq49,R-774
Loleta Lovejoy,llovejoyli,qumO0tiL,R-775
Wally de Lloyd,wdelj,8JJzvjbxI2,R-776
Waldemar Wiggington,wwiggingtonlk,wpLtvIoIa2jc,R-777
Valina Macci,vmaccill,ytjkUkI,R-778
Oates Gasparro,ogasparrolm,8fffPxZzvogL,R-779
Ettore Jiggen,ejiggenln,BLjy0aHJ,R-780
Randa Curreen,rcurreenlo,mmhRXX,R-781
Gwenora Bonafant,gbonafantlp,6lk7xyONjQX5,R-782
Matti Gidley,mgidleylq,V9sAi7Wam,R-783
Kakalina Symers,ksymerslr,DqPNUcxkK,R-784
Edmund Yoakley,eyoakleyls,QZKBhtD,R-785
Aloise M'Barron,ambarronlt,Wf82UCgPkaG,R-786
Petey Beernaert,pbeernaertlu,fumaNLD9UK,R-787
Thayne Tebboth,ttebbothlv,iuaAxpQ0Q,R-788
Gradey Kuschel,gkuschellw,MYmxRBDEq72x,R-789
Moyra Petruk,mpetruklx,yNTgBv,R-790
Herculie Kift,hkiftly,HbqMhBk7,R-791
Kim Darte,kdartelz,MClE6Ip28FVH,R-792
Lynsey White,lwhitem0,d4wMzoAh,R-793
Melita Jorcke,mjorckem1,7d4SltzyFXzh,R-794
Ermina Cobb,ecobbm2,d2ZgLaN5,R-795
Leanor Eate,leatem3,sr2N0zb6om,R-796
Damon Boate,dboatem4,VZew2kKJpBz,R-797
Dexter Cornbell,dcornbellm5,YnRWnn,R-798
Marnia Addy,maddym6,E6rfTf,R-799
Elsinore Epple,eepplem7,onMehUSTW1n,R-800
Sandy Mothersdale,smothersdalem8,PDwO12,R-801
Willdon Stanway,wstanwaym9,fFaRD5JXs4P,R-802
Rod Penylton,rpenyltonma,0mjHqpRttC7I,R-803
Clayborne Boykett,cboykettmb,1naOMWnN,R-804
Anderea Biasini,abiasinimc,PnzyiiX,R-805
Stacee Malcher,smalchermd,omFKVMCf9,R-806
Lynnell Yorkston,lyorkstonme,iyjHzu4Ds,R-807
Bryce Haylor,bhaylormf,VZBg4Cz,R-808
Tamarah Chesterton,tchestertonmg,Liah56aEV0g,R-809
Milo Beek,mbeekmh,r0E33HEkyi,R-810
Fernando Nevet,fnevetmi,oeAJXNt,R-811
Jo Merrisson,jmerrissonmj,pknCFx,R-812
Tabor Barreau,tbarreaumk,IEn5SDV,R-813
Elyssa Selley,eselleyml,Nk5Ugh,R-814
Jeniece Pallin,jpallinmm,yox2t6A,R-815
Elia Towle,etowlemn,vMizTpTxaNI,R-816
Courtnay Hodjetts,chodjettsmo,9YyDwa,R-817
Constancy Tarzey,ctarzeymp,MYdS3azJ9ah,R-818
Lynne Camier,lcamiermq,tXY0bev,R-819
Gleda Kirman,gkirmanmr,ETCYShz,R-820
Seline Sweedland,ssweedlandms,lOtpDrl8m8gj,R-821
Fancy Facher,ffachermt,bHfYNr,R-822
Patrizius Sisley,psisleymu,5s42KUVpsIZr,R-823
Fianna Lovstrom,flovstrommv,6UEyB9tlSLij,R-824
Howey Garard,hgarardmw,PO5GgfUA,R-825
Teirtza Penvarden,tpenvardenmx,D3HOX8e30,R-826
Austin Ogg,aoggmy,dWStmooehi4,R-827
Javier Sambles,jsamblesmz,gJBqG9prmp1h,R-828
Leone Strode,lstroden0,SlkgFR0dEw,R-829
Barbi Tinan,btinann1,WAZVSKODzS,R-830
Mathilde Bradlaugh,mbradlaughn2,hqW5oGv985,R-831
Benedicta Davidai,bdavidain3,3eTKOEiD,R-832
Hyacintha Leathart,hleathartn4,TYz3pOHlYG,R-833
Maudie O'Neill,moneilln5,ztEDDv3hf,R-834
Abie St. Paul,astn6,ERMnnGax,R-835
Cecilia Minard,cminardn7,nIwtj1pePI,R-836
Moselle Collomosse,mcollomossen8,ag8VeKlb,R-837
Marris Ipwell,mipwelln9,fYAdp4SmVBI,R-838
Dolly Sewell,dsewellna,NS9JDniiftC,R-839
Collie Chittock,cchittocknb,xJkNcytC,R-840
Timmi Sarjant,tsarjantnc,C1KMY6yMx0m,R-841
Bailie Giroldi,bgiroldind,PxdGU9,R-842
Constantina Crawforth,ccrawforthne,NwttQU,R-843
Madlin Sanbroke,msanbrokenf,mGnNtxmdj,R-844
Alfred Naptin,anaptinng,j6lyll,R-845
Lev Rubin,lrubinnh,mlmJKWxsGK,R-846
Moses MacLese,mmacleseni,VuPBrrYaWXAL,R-847
Carilyn Yoell,cyoellnj,0KSE79pnApGY,R-848
Garret Keener,gkeenernk,PS12dlV,R-849
Minnaminnie Martinec,mmartinecnl,3DqJbIpQek,R-850
Dietrich Gaunson,dgaunsonnm,zBdldj,R-851
Eberhard Tumility,etumilitynn,rmTsILYSE,R-852
Daryn Quibell,dquibellno,pFuJwaH,R-853
Georgetta Dilland,gdillandnp,KrztXD,R-854
Sarene Kinmond,skinmondnq,Bq8eYB,R-855
Hedvig Crimmins,hcrimminsnr,Zr7yQF,R-856
Ailis Rentcome,arentcomens,4NJEDyB,R-857
Burgess McCalister,bmccalisternt,1yme9hHZPlH,R-858
Joceline Houliston,jhoulistonnu,6ZrRR2flU,R-859
Judy Akenhead,jakenheadnv,wgqLjDUqiwt,R-860
Halimeda Behne,hbehnenw,t3eo0iI3TscY,R-861
Tonye Been,tbeennx,njUNJXc0MrN,R-862
Marianna Ruselin,mruselinny,ZIr6TYlBke,R-863
Demeter Meynell,dmeynellnz,4ZQXzYc3D3,R-864
Konstantine Fairfull,kfairfullo0,GxNsFM,R-865
Abigael Singyard,asingyardo1,M21tgMdUR5X7,R-866
Natassia Millmoe,nmillmoeo2,DXdHi6rrK4x,R-867
Toinette Newick,tnewicko3,x0oJF7KCQlWI,R-868
Bay Smead,bsmeado4,fCqyrWKozme,R-869
Greer Pechell,gpechello5,ZUqHih1O,R-870
Kenon Phizackerly,kphizackerlyo6,L3ZsKvXF4x,R-871
Sunny Carayol,scarayolo7,9bnIme3xGm,R-872
Xavier Leaburn,xleaburno8,2gQK2bOtleO,R-873
Walton Atheis,watheiso9,sPh83LrD4,R-874
Abdel Maghull,amaghulloa,VNcl7It6RE,R-875
Dorie Leindecker,dleindeckerob,0SbHL07TY5,R-876
Deny Hazelhurst,dhazelhurstoc,FK7ST5KJiE,R-877
Courtenay Mollene,cmolleneod,HlyASAy3,R-878
Jimmie Hairsnape,jhairsnapeoe,CaStH8XMZHA,R-879
Warden Tivenan,wtivenanof,7GeFXZfUrCd,R-880
Benedick Mattingson,bmattingsonog,4qiBxGjL,R-881
Jennette Kilminster,jkilminsteroh,Yregm1P,R-882
Neal Brunke,nbrunkeoi,6B26Lk,R-883
Antonius Bodsworth,abodsworthoj,C0mKwE3j6p,R-884
Grazia Rutherforth,grutherforthok,GJqqs7sw,R-885
Charisse Nice,cniceol,W2HZ2wG3b,R-886
Cristine Kew,ckewom,7ur8xA8RXAq,R-887
Bernarr Hagger,bhaggeron,zXVaIgW0md,R-888
Justine Campana,jcampanaoo,yPT73PXS9,R-889
Piper Chellam,pchellamop,MU8WMcHFPLv9,R-890
Chloris Warret,cwarretoq,jPW6W4tGP,R-891
Bartram Springett,bspringettor,kfoHupj,R-892
Falkner Rubenczyk,frubenczykos,aG7FEcEn,R-893
Jenifer Mattheus,jmattheusot,XLslB4Wvlke,R-894
Veriee Clemmensen,vclemmensenou,bqSgqD,R-895
Angela Vertey,averteyov,x74mIY7GLM,R-896
Melony Pittwood,mpittwoodow,pHorSEIypj,R-897
Denyse Jenckes,djenckesox,Ahs2RZqNBds,R-898
Quintina Covington,qcovingtonoy,V7kItkO5t6U,R-899
Conrade Monkton,cmonktonoz,QCiDnZ8fG,R-900
Vinnie Druitt,vdruittp0,rVHc1vsblNN,R-901
Kean Toulmin,ktoulminp1,r5yZPPuOxAE,R-902
Pepito Mathison,pmathisonp2,zQc5I7JPttH,R-903
Austina Meadowcroft,ameadowcroftp3,Vfftkx,R-904
Scarface Loker,slokerp4,p8h5WkJUFaXt,R-905
Hobie McGurn,hmcgurnp5,d5ysgA1cHrb6,R-906
Corliss Zamora,czamorap6,ZhuAKiB864,R-907
Demetris Jaukovic,djaukovicp7,0fU80P,R-908
Shawna O'Corrin,socorrinp8,7B1T9UycV,R-909
Penrod Rottcher,prottcherp9,5NENkg,R-910
Alejoa Feige,afeigepa,7ikRARu4S,R-911
Olenka Rogerot,orogerotpb,0LYJ8d,R-912
Iggie Schoroder,ischoroderpc,PvOPBQ,R-913
Alleen Surpliss,asurplisspd,Y4WC0Ex7,R-914
Morgen Cadge,mcadgepe,3eajX7Nn,R-915
Paul Fowkes,pfowkespf,IoARPDn,R-916
Meredith Hamsson,mhamssonpg,R7onVo9g,R-917
Abra Samper,asamperph,8YHLLHJ,R-918
Tillie Kimbury,tkimburypi,xli7Xq,R-919
Chucho Dik,cdikpj,JuKP6UyZJrz,R-920
Waylan Ales0,walespk,Ytt7qm,R-921
Thia Faraday,tfaradaypl,6qpAAHXpSW,R-922
Nedda Jessen,njessenpm,vFa2BcsSaKKY,R-923
Gaylor Rawlison,grawlisonpn,jIDb1BIe,R-924
Gianina Drinkall,gdrinkallpo,vBOzOnJn4Kt,R-925
Matelda Roseaman,mroseamanpp,lqbWJhIRg,R-926
Viole Diggles,vdigglespq,oGe9MK,R-927
Abagael Ege,aegepr,UxOyDs,R-928
Leoline Ivkovic,livkovicps,ZkQELtUr,R-929
Jolene Goodger,jgoodgerpt,25Iqok,R-930
Hube Banisch,hbanischpu,HsTYHmm,R-931
Liuka Augustine,laugustinepv,NoMgfFD,R-932
Davey Asipenko,dasipenkopw,t3VdEVR,R-933
Tabatha Papworth,tpapworthpx,MYoUln2Gvt,R-934
Rey Portam,rportampy,FaWsa8cxj,R-935
Cynthy Roscow,croscowpz,MNUGFaxySgix,R-936
Jereme Mutlow,jmutlowq0,x96KTgZBCn,R-937
Lona Eich,leichq1,MC4JxgSL,R-938
Clemmy Presnall,cpresnallq2,Gx6n1EqCmurX,R-939
Danyelle Minget,dmingetq3,AuWdYVAsUM,R-940
Grant Headington,gheadingtonq4,c2QjzvUFpp0,R-941
Angelico Ghelarducci,aghelarducciq5,t5NSBeKBT,R-942
Bambi Worthing,bworthingq6,ANy2rvhG,R-943
Joanie Creigan,jcreiganq7,mTAPMpq3Ir8G,R-944
Poul Cornils,pcornilsq8,nmtu38,R-945
Hamnet Gumb,hgumbq9,CjHmVChwe,R-946
Guillemette Botwood,gbotwoodqa,q4MNSq0,R-947
Netty Turley,nturleyqb,77pEHXQYHYO,R-948
Jarrid Duff,jduffqc,txe2lHq6N,R-949
Ilene Letessier,iletessierqd,DoTrZ8mAvcZp,R-950
Kimmy Tine,ktineqe,IxEpAYICKkk2,R-951
Massimo Godson,mgodsonqf,rDYWtVbO,R-952
Dreddy Placido,dplacidoqg,aKs52feVH6gQ,R-953
Sherrie Hallward,shallwardqh,RS5cRu8tg,R-954
Dayna Trass,dtrassqi,8o1XprHo,R-955
Jacquelynn Hiers,jhiersqj,tKByV8,R-956
Peadar Fivey,pfiveyqk,GhGT2GnIl,R-957
Jere Prestney,jprestneyql,psR0NLT,R-958
Georgianne Michallat,gmichallatqm,o0GACu7sfcBW,R-959
Mickey Course,mcourseqn,TOAxkCk4O,R-960
Cynthea De Avenell,cdeqo,DVYrhXgorO,R-961
Dorrie Spurett,dspurettqp,VW0rOxuVIquG,R-962
Tabby Ferrolli,tferrolliqq,V3AH8lNLh,R-963
Norri Edser,nedserqr,q4Pc3rU,R-964
Hardy Monckman,hmonckmanqs,QnSkNCZ,R-965
Claresta Colbertson,ccolbertsonqt,Yfm2JvX,R-966
Brigitta Zarb,bzarbqu,DGFASx9EQnTJ,R-967
Pail Tonks,ptonksqv,W2Mtq4FYz0Q,R-968
Ahmed Howis,ahowisqw,PUnrULYhRSl3,R-969
Lucienne Pendleton,lpendletonqx,UPqoct3MJE,R-970
Gradeigh Ashtonhurst,gashtonhurstqy,USxzGnWJzo8,R-971
Shurlock Millsap,smillsapqz,vt2HUa1O,R-972
Augustus Mugglestone,amugglestoner0,f7yQil3rSi,R-973
Franchot Ranald,franaldr1,3pBp1R1r3gi8,R-974
Rance Erbain,rerbainr2,E37wkanvIw6x,R-975
Gary Smallpiece,gsmallpiecer3,mniLxiU,R-976
Franciska De Michetti,fder4,l1C3p6eiaY,R-977
Izak Harden,ihardenr5,MeM9Qq92,R-978
Bertie Kubec,bkubecr6,jWx6rZ1,R-979
Benjamen Crabbe,bcrabber7,xG5qexT,R-980
Aube Redier,aredierr8,LwGSfs,R-981
Kerrin Merwood,kmerwoodr9,wdRjv9V,R-982
Lexy Chern,lchernra,oruMkp,R-983
Alfy Mosedall,amosedallrb,XMeLcPCF,R-984
Leoine Montel,lmontelrc,0cteU2vFDF6,R-985
Baryram Claque,bclaquerd,HOQbnJr,R-986
Sondra Mc Grath,smcre,WYzN1EqCk,R-987
Orsa Jeroch,ojerochrf,BHyW1ICsfdv0,R-988
Ema Moller,emollerrg,ollb76ZM94,R-989
Starlene Ashpital,sashpitalrh,yTLZZj,R-990
Lizbeth Bathoe,lbathoeri,dorCk48,R-991
Claudian Von Welden,cvonrj,0vtVC717p96R,R-992
Leyla McLagan,lmclaganrk,Z4DcAuU4,R-993
Stephine Mirfin,smirfinrl,KxbNTtJ,R-994
Lonee Crossfeld,lcrossfeldrm,qEKMXgj,R-995
Karoline Matkin,kmatkinrn,nZ6BAJY4,R-996
Mattheus Demelt,mdemeltro,SYJlpfO,R-997
Prent Cathery,pcatheryrp,HAqLTUx3hwm,R-998
Leena Foan,lfoanrq,gctHoxkUG,R-999
Nolana Allin,nallinrr,N7QtwV6u,R-1000
