filmID,filmTitle,filmCategory,filmDescription
F-1,Our Dancing Daughters,Romance,"Cum sociis natoque penatibus et magnis dis parturient montes, nascetur ridiculus mus. Vivamus vestibulum sagittis sapien."
F-2,FearDotCom (a.k.a. Fear.com) (a.k.a. Fear Dot Com),Comedy,Ut at dolor quis odio consequat varius. Integer ac leo.
F-3,"Picture of Dorian Gray, The",Action,Proin at turpis a pede posuere nonummy. Integer non velit.
F-4,"NeverEnding Story II: The Next Chapter, The",Romance,Integer ac neque. Duis bibendum. Morbi non quam nec dui luctus rutrum.
F-5,Sarah Silverman: Jesus Is Magic,Comedy,"Morbi sem mauris, laoreet ut, rhoncus aliquet, pulvinar sed, nisl."
F-6,Harvest,Romance,Curabitur convallis.
F-7,Heartbeeps,Horror,Etiam justo. Etiam pretium iaculis justo. In hac habitasse platea dictumst.
F-8,Secret Agent,Horror,Curabitur in libero ut massa volutpat convallis.
F-9,Ballplayer: Pelotero,Romance,Ut at dolor quis odio consequat varius. Integer ac leo.
F-10,"Rain People, The",Romance,In hac habitasse platea dictumst.
F-11,Comfort and Joy,Horror,"Quisque porta volutpat erat. Quisque erat eros, viverra eget, congue eget, semper rutrum, nulla. Nunc purus."
F-12,"Peacemaker, The",Fantasy,"Vivamus metus arcu, adipiscing molestie, hendrerit at, vulputate vitae, nisl. Aenean lectus."
F-13,"4th Floor, The",Fantasy,"Nullam orci pede, venenatis non, sodales sed, tincidunt eu, felis."
F-14,Lotto Land,Horror,"Proin interdum mauris non ligula pellentesque ultrices. Phasellus id sapien in sapien iaculis congue. Vivamus metus arcu, adipiscing molestie, hendrerit at, vulputate vitae, nisl."
F-15,"Music Lovers, The",Horror,Integer ac leo. Pellentesque ultrices mattis odio.
F-16,"Three Lives of Thomasina, The",SciFi,In congue. Etiam justo.
F-17,"Eye, The",SciFi,In congue.
F-18,Mortdecai,Horror,Nulla ut erat id mauris vulputate elementum.
F-19,Anima Mundi,Comedy,Aliquam quis turpis eget elit sodales scelerisque. Mauris sit amet eros.
F-20,Dawn of the Dead,SciFi,"Proin risus. Praesent lectus. Vestibulum quam sapien, varius ut, blandit non, interdum in, ante."
F-21,"Wedding Director, The (Il regista di matrimoni)",SciFi,Integer tincidunt ante vel ipsum. Praesent blandit lacinia erat.
F-22,L: Change the World,Comedy,Morbi porttitor lorem id ligula. Suspendisse ornare consequat lectus.
F-23,Charlie's Angels,Action,Duis aliquam convallis nunc. Proin at turpis a pede posuere nonummy.
F-24,Backstairs (Hintertreppe),Horror,"Fusce congue, diam id ornare imperdiet, sapien urna pretium nisl, ut volutpat sapien arcu sed augue. Aliquam erat volutpat."
F-25,1,Comedy,"Quisque arcu libero, rutrum ac, lobortis vel, dapibus at, diam."
F-26,Sneakers,Romance,Donec ut mauris eget massa tempor convallis.
F-27,Run Ronnie Run,Romance,Aenean lectus. Pellentesque eget nunc. Donec quis orci eget orci vehicula condimentum.
F-28,Bombón: El Perro (El perro),Comedy,"Quisque id justo sit amet sapien dignissim vestibulum. Vestibulum ante ipsum primis in faucibus orci luctus et ultrices posuere cubilia Curae; Nulla dapibus dolor vel est. Donec odio justo, sollicitudin ut, suscipit a, feugiat et, eros."
F-29,"Last Witness, The",Horror,Aenean sit amet justo. Morbi ut odio.
F-30,"Spring, Summer, Fall, Winter... and Spring (Bom yeoreum gaeul gyeoul geurigo bom)",SciFi,Maecenas tincidunt lacus at velit.
F-31,Breakout,Action,Suspendisse potenti. Cras in purus eu magna vulputate luctus.
F-32,"Prize, The",SciFi,Morbi non quam nec dui luctus rutrum. Nulla tellus.
F-33,Facing the Giants,Action,"Proin risus. Praesent lectus. Vestibulum quam sapien, varius ut, blandit non, interdum in, ante."
F-34,Escape,Horror,Nullam sit amet turpis elementum ligula vehicula consequat. Morbi a ipsum.
F-35,Sleep Tight (Mientras duermes),Romance,"Nullam orci pede, venenatis non, sodales sed, tincidunt eu, felis."
F-36,Shockproof,Romance,Nullam varius. Nulla facilisi.
F-37,Days of Heaven,Comedy,Suspendisse potenti. Cras in purus eu magna vulputate luctus.
F-38,Scanners III: The Takeover (Scanner Force),Comedy,"Duis at velit eu est congue elementum. In hac habitasse platea dictumst. Morbi vestibulum, velit id pretium iaculis, diam erat fermentum justo, nec condimentum neque sapien placerat ante."
F-39,Konga,Action,Donec posuere metus vitae ipsum. Aliquam non mauris. Morbi non lectus.
F-40,Another Man's Poison,Romance,"Mauris ullamcorper purus sit amet nulla. Quisque arcu libero, rutrum ac, lobortis vel, dapibus at, diam."
F-41,Caroline?,Comedy,"Suspendisse ornare consequat lectus. In est risus, auctor sed, tristique in, tempus sit amet, sem. Fusce consequat."
F-42,Tokyo Story (Tôkyô monogatari),Fantasy,Mauris sit amet eros.
F-43,Charlie Chan at Monte Carlo,Fantasy,Morbi non quam nec dui luctus rutrum. Nulla tellus. In sagittis dui vel nisl.
F-44,When Ladies Meet,Comedy,"Duis bibendum, felis sed interdum venenatis, turpis enim blandit mi, in porttitor pede justo eu massa. Donec dapibus. Duis at velit eu est congue elementum."
F-45,Koch,Action,Duis mattis egestas metus. Aenean fermentum.
F-46,Gus,SciFi,"Aliquam sit amet diam in magna bibendum imperdiet. Nullam orci pede, venenatis non, sodales sed, tincidunt eu, felis. Fusce posuere felis sed lacus."
F-47,Aileen: Life and Death of a Serial Killer,SciFi,"Mauris ullamcorper purus sit amet nulla. Quisque arcu libero, rutrum ac, lobortis vel, dapibus at, diam."
F-48,"Paris, France",Horror,"Morbi sem mauris, laoreet ut, rhoncus aliquet, pulvinar sed, nisl."
F-49,The Squeeze,Horror,"Integer non velit. Donec diam neque, vestibulum eget, vulputate ut, ultrices vel, augue."
F-50,"Dark Crystal, The",Romance,Aenean auctor gravida sem. Praesent id massa id nisl venenatis lacinia.
